cityName,stateName
Phoenix,AZ
Mississauga,ON
Calgary,AB
Las Vegas,NV
Tempe,AZ
Charlotte,NC
Montréal,QC
Mesa,AZ
Scottsdale,AZ
Nobleton,ON
Cleveland,OH
Pittsburgh,PA
Chandler,AZ
Fitchburg,WI
Montreal,QC
Scarborough,ON
North Las Vegas,NV
Saint-Laurent,QC
Cuyahoga Falls,OH
Maple,ON
Henderson,NV
Glendale,AZ
Toronto,ON
Avondale,AZ
York,ON
Madison,WI
Gilbert,AZ
Jefferson Hills,PA
Independence,OH
Amherst,OH
Aurora,ON
Urbana,IL
Woodbridge,ON
Saint-Jean-sur-Richelieu,QC
Peoria,AZ
Denver,NC
Lakewood,OH
Elyria,OH
Vaughan,ON
North York,ON
Sewickley,PA
Akron,OH
Willoughby Hills,OH
Markham,ON
Indian Trail,NC
Concord,NC
Oakmont,PA
W Henderson,NV
Etobicoke,ON
North Olmsted,OH
Mentor,OH
Solon,OH
Suncity,AZ
Kent,OH
Brampton,ON
Surprise,AZ
Huntersville,NC
Tolleson,AZ
Champaign,IL
Dollard-des-Ormeaux,QC
Tallmadge,OH
Hudson,OH
Litchfield Park,AZ
Gastonia,NC
Verdun,QC
Macedonia,OH
Mahomet,IL
Richmond Heights,OH
Avon,OH
Rock Hill,SC
Boulder City,NV
Richmond Hill,ON
Mayfield,OH
Rocky View County,AB
Lorain,OH
Kannapolis,NC
Wexford,PA
Fort Mill,SC
Oregon,WI
Canonsburg,PA
Cleveland Heights,OH
Newmarket,ON
Paradise Valley,AZ
Vaudreuil-Dorion,QC
Willoughby,OH
Cecil,PA
Uxbridge,ON
Terrebonne,QC
Saint-Jérôme,QC
Middleburg Heights,OH
Belmont,NC
Medina,OH
Northfield Center Township,OH
Cornelius,NC
Twinsburg,OH
Brossard,QC
Red Rock,AZ
Fountain Hills,AZ
Aurora,OH
Sainte-Julie,QC
Caledon,ON
South Euclid,OH
las vegas,NV
Matthews,NC
Stoughton,WI
Chestermere,AB
South Charlotte,NC
Woodmere,OH
Oakville,ON
South Park,PA
West Mifflin,PA
Middleton,WI
Harrisburg,NC
Turtle Creek,PA
McFarland,WI
Burton,OH
Parma Heights,OH
Laveen,AZ
McKees Rocks,PA
Bedford,OH
New Kensington,PA
Brecksville,OH
Goodyear,AZ
Bridgeville,PA
Valley City,OH
Whitby,ON
Eastlake,OH
Fisher,IL
Elizabeth,PA
Monona,WI
Hampton Township,PA
Lasalle,QC
Rocky River,OH
Gibsonia,PA
Verona,PA
Fairview Park,OH
Sun City West,AZ
Westmount,QC
Aspinwall,PA
Westlake,OH
Coraopolis,PA
Higley,AZ
New Tecumseth,ON
Airdrie,AB
Strongsville,OH
Cottage Grove,WI
Glenshaw,PA
Chardon,OH
Homestead,PA
Pineville,NC
Monroeville,PA
Desert Ridge,AZ
Savoy,IL
Export,PA
Arnold,PA
Mentor-on-the-Lake,OH
Mooresville,NC
Millvale,PA
Rantoul,IL
Sun Prairie,WI
North Royalton,OH
Saint-Lazare,QC
Laval,QC
Beachwood,OH
Dollard-Des-Ormeaux,QC
lyndhurst,OH
Georgetown,ON
Bolton,ON
Heidelberg,PA
Mt Lebanon,PA
Painesville,OH
Vieux-Montréal,QC
Streetsboro,OH
Unionville,ON
Cave Creek,AZ
Fairport Harbor,OH
Ansnorveldt,ON
NORTH LAS VEGAS,NV
Stouffville,ON
Stow,OH
Belle Vernon,PA
Oakwood village,OH
Sheffield Village,OH
Chesterland,OH
Maple Heights,OH
Chagrin Falls,OH
Saint-Eustache,QC
Mont-Royal,QC
Pickering,ON
Concord,ON
calgary,AB
Carefree,AZ
Indian Land,SC
Oakwood Village,OH
Bay Village,OH
Rexdale,ON
Thornhill,ON
North Versailles,PA
Lachine,QC
Robinson Township,PA
Bethel Park,PA
Sun City,AZ
Kirtland,OH
Outremont,QC
Verona,WI
Shaker Heights,OH
Mc Donald,PA
East York,ON
scottsdale,AZ
Fairlawn,OH
Monroe,NC
Lyndhurst,OH
Braddock,PA
Ajax,ON
De Forest,WI
Moon,PA
Waxhaw,NC
Duquesne,PA
Monoroeville,PA
Whitchurch-Stouffville,ON
Moon Township,PA
Stanley,NC
Saint-Lambert,QC
Indianola,PA
Boisbriand,QC
Mint Hill,NC
Pointe-Claire,QC
Beaconsfield,QC
Blainville,QC
Wilmerding,PA
Sun Lakes,AZ
Davidson,NC
Avon Lake,OH
Richmond Height,OH
Rocky river,OH
Copley,OH
Kleinburg,ON
El Mirage,AZ
LaSalle,QC
Oakdale,PA
Châteauguay,QC
Longueuil,QC
Brooklin,ON
Mc Farland,WI
Dallas,NC
Berea,OH
Pittsburgh ,PA
Mc Kees Rocks,PA
Euclid,OH
Irwin,PA
McMurray,PA
Waddell,AZ
Olmsted Falls,OH
Bedford Heights,OH
Allison Park,PA
Brookpark,OH
Rillton,PA
Kirkland,QC
Coteau-du-Lac,QC
Munhall,PA
Halton Hills,ON
Mayfield Heights,OH
Northfield,OH
Troy Township,OH
Valley View,OH
"Harrisburg,",NC
Avalon,PA
Brunswick,OH
North Ridgeville,OH
Guadalupe,AZ
Waunakee,WI
Carnegie,PA
Closter,NY
Pointe Claire,QC
McCandless,PA
Highland Heights,OH
Columbia Station,OH
Newbury,OH
North Huntington,PA
Shady Side,PA
Garfield Heights,OH
Indian land,NC
Vaudreuil,QC
University,NC
Brook Park,OH
LAS VEGAS,NV
Trafford,PA
Toronto Scarborough,ON
Parma,OH
Saint Laurent,QC
Vimont,QC
Saint-Leonard,QC
Pleasant Hills,PA
Brooklyn,OH
Laveen Village,AZ
Locust,NC
Rosemère,QC
Phoenix Metro Area,AZ
Dravosburg,PA
Penn Hills,PA
La Prairie,QC
Don Mills,ON
Deforest,WI
Midland,NC
Concord,OH
Chateauguay,QC
Mount Holly,NC
Pepper Pike,OH
Broadview Heights,OH
Queen creek,AZ
Piedmont,QC
Sunrise,NV
Willowick,OH
Baie-d'Urfé,QC
Munroe Falls,OH
Mount Horeb,WI
Youngtown,AZ
Salaberry-De-Valleyfield,QC
Queen Creek,AZ
Mayfield Village,OH
Chambly,QC
McKeesport,PA
Ambridge,PA
Richfield,OH
Lachute,QC
Bellevue,PA
Saint-Sauveur,QC
Upper Saint Clair,PA
Imperial,PA
Buckeye,AZ
Plum,PA
Saint Joseph,IL
Dane,WI
Hinckley,OH
Las  Vegas,NV
Sagamore Hills,OH
Mantua,OH
Phx,AZ
Enterprise,NV
West View,PA
Morin-Heights,QC
Tottenham,ON
Salaberry-de-Valleyfield,QC
Black Earth,WI
Wickliffe,OH
Brentwood,PA
Dollard-Des Ormeaux,QC
West Homestead,PA
White Oak,PA
Murrysville,PA
Monticello,IL
Montreal-West,QC
Baldwin,PA
Sainte-Thérèse,QC
Grafton,OH
Eighty Four,PA
HENDERSON,NV
Lower Burrell,PA
Boucherville,QC
Finleyville,PA
Willowdale,ON
Crafton,PA
King City,ON
Lake Wylie,SC
Upper St Clair,PA
East Mc Keesport,PA
Dollard-des Ormeaux,QC
moon,PA
Cross Plains,WI
Mckeesport,PA
Middlefield,OH
Orange,OH
Saint-Léonard,QC
La Salle,QC
Côte-Saint-Luc,QC
University Heights,OH
Walton Hills,OH
Weddington,NC
Spring Valley,NV
Sheffield Lake,OH
Orange Village,OH
Auburn Township,OH
Summerlin,NV
Whiitby,ON
surprise,AZ
Mentor On the Lake,OH
Estrella Village,AZ
Caledon East,ON
Wesley Chapel,NC
Auburn Twp,OH
Harrison City,PA
Schomberg,ON
St. Leonard,QC
Montréal-Ouest,QC
Presto,PA
Pierrefonds,QC
Saint-Hyacinthe,QC
Mont-Saint-Hilaire,QC
Seven Hills,OH
Dorval,QC
Clover,SC
Mascouche,QC
East Liberty,PA
York,SC
King,ON
Creighton,PA
Medina Township,OH
N. Las Vegas,NV
Pheonix,AZ
Apache Junction,AZ
Saint-Hubert,QC
Avondale,GA
Bainbridge Township,OH
Etna,PA
Villa Grove,IL
Repentigny,QC
Bradford,ON
Bainbridge,OH
Warrensville Hts.,OH
Peninsula,OH
Fort McDowell,AZ
Sainte-Thérèse-de-Blainville,QC
Litchfield,OH
Tega Cay,SC
Wadsworth,OH
Champlain,NY
Sainte-Catherine,QC
Montreal-Nord,QC
Mount Lebanon,PA
Tarentum,PA
Phoenix,TX
Garrettsville,OH
Windsor,WI
East Gwillimbury,ON
Warrensville Heights,OH
Vaughan Mills,ON
"Laval, Pont Viau",QC
North Huntingdon,PA
phoenix,AZ
Rural Ridge,PA
Paradise,NV
Plum Boro,PA
Missisauga,ON
New York,NY
Kennedy Township,PA
Old Scottsdale,AZ
Perry Twp,OH
Monongahela,PA
Hemmingford,QC
Las vegas,NV
East Cleveland,OH
DeForest,WI
South Park Township,PA
Peninsul,OH
Mentor On The Lake,OH
South Las Vegas,NV
Charlotte,SC
Oakland,PA
Cheswick,PA
Brownsburg-Chatham,QC
Saint-Bernard-de-Lacolle,QC
Bois-des-Filion,QC
Library,PA
Brooklyn,WI
Sainte-Anne-de-Bellevue,QC
charlottte,NC
Highland Hills,OH
Mississagua,ON
L'ile-Bizard,QC
Anthem,AZ
Rocky View,AB
Fort Mill,NC
Maricopa,AZ
River Drive Park,ON
Clairton,PA
Concord Mills,NC
South Amherst,OH
N Las Vegas,NV
Edgewood,PA
Ravenna,OH
Oakwood,OH
Lowell,NC
Novelty,OH
Shaker Hts,OH
Saint-Hippolyte,QC
CLEVELAND,OH
Bradford West Gwillimbury,ON
Mattews,NC
Milton,ON
Surprise,CA
Mckees Rocks,PA
Homer,IL
Wilkinsburg,PA
Warrenville,OH
Brooklyn Heights,OH
Squirrel Hill,PA
Nellis Afb,NV
Saint-Constant,QC
Morgan,PA
Pitcairn,PA
Ingomar,PA
Bath,OH
Delson,QC
Toronto-North York,ON
McDonald,PA
Swissvale,PA
Castle Shannon,PA
Leetsdale,PA
Montrose,OH
Mathews,NC
Beeton,ON
Litchfield,AZ
Farnham,QC
Greenfield Park,QC
Ahwatukee,AZ
Sheffield,OH
Brookline,PA
Scarbrough,ON
Joliette,QC
North Randall,OH
Chandler,AL
Pittsburg,PA
Stallings,NC
Cuyahoga Fls,OH
Nellis AFB,NV
Phoenx,AZ
Emsworth,PA
Mt. Washington,PA
Columbia Sta,OH
Etibicoke,ON
Le Haut-Saint-Laurent Regional County Municipality,QC
Claremont,ON
Montréal-Est,QC
Côte Saint-Luc,QC
Shorewood Hills,WI
Saint-Jerome,QC
Elizabeth Township,PA
Painesville Township,OH
Sainte-Therese,QC
Perry,OH
Sainte-Genevieve,QC
Mt. Holly,NC
Anjou,QC
Bratenahl,OH
McKeesRocks,PA
Mount Washington,PA
Saint-Bernard de Lacolle,QC
Beloeil,QC
Norton,OH
Nellis,NV
Rocky View No. 44,AB
Northfield Center,OH
Shadyside,PA
East Mississauga,ON
Pointe-aux-Trembles,QC
Ogden,IL
Grove City,OH
Harmarville,PA
Mentor-On-The-Lake,OH
Scottadale,CA
"Laval, Ste Dorothee",QC
SURPRISE,AZ
Lufkin,TX
Montéal,QC
Mt. Lebanon,PA
Sainte-Marguerite-du-Lac-Masson,QC
Queensville,ON
Greensboro,NC
Thornhil,ON
GILBERT,AZ
Seven Hills,NV
Kahnawake,QC
Thornhill,DUR
Mc Murray,PA
Durham Regional Municipality,ON
St.Pittsburgh,PA
O'hara Township,PA
N Solon,OH
Rougemont,QC
Robinson,PA
N. Randall,OH
Tornto,ON
Mentor On the,OH
Woodmere Village,OH
Saint-Charles-Borromee,QC
Port Credit,ON
Sunnyslope,AZ
Southeast Calgary,AB
Downtown,PA
peoria,AZ
MONROEVILLE,PA
L'Assomption,QC
Phoeniix,AZ
Belleville,WI
East McKeesport,PA
San Tan,AZ
Sainte-thérèse,QC
Hiram,OH
Chertsey,QC
Bedford,QC
Sainte-Rose,QC
Cuddy,PA
Springdale,PA
Beauharnois,QC
South Russell,OH
Mercier,QC
Citibank,NV
Balzac,AB
Rosemere,QC
Cave creek,AZ
Leeds,XWY
Mirabel,QC
Madison,OH
AGINCOURT,ON
Fort mill,SC
Sainte-Anne-De-Bellevue,QC
Port Vue,PA
Godmanchester,QC
Summerlin South,NV
Division No. 6,AB
Nationwide,CA
Saint-Marc-sur-Richelieu,QC
Northwest Calgary,AB
West Montréal,QC
Upper St. Clair,PA
Nottingham Township,PA
Rouses Point,NY
Val-Morin,QC
Ormstown,QC
Mount Albert,ON
tempe,AZ
Valleywide,AZ
Rawdon,QC
Scotsdale,AZ
Paw Creek,NC
Holland Landing,ON
Lynhurst,OH
Fort Mcdowell,AZ
Goodwood,ON
Chattanooga,TN
Weston,ON
Hudson,QC
Rio Verde,AZ
henderson,NV
Franklin Park,PA
San Tan Valley,AZ
Silver Lake,OH
New Glarus,WI
Centre Island,ON
Candiac,QC
Fabreville,QC
L'Île-Bizard,QC
Prévost,QC
Mississauaga,ON
Ste-Rose,QC
Cramerton,NC
Los Angeles,CA
Crescent,PA
Saint-Jean-Sur-Richelieu,QC
MADISON,WI
Vaughn,ON
Montrèal,QC
Mayfield Hts,OH
Baie-d'Urfe,QC
Le Sud-Ouest,QC
Sainte-Adèle,QC
Suprise,AZ
Saintt-Bruno-de-Montarville,QC
Broadview Hts,OH
Mcfarland,WI
Sun CIty,AZ
Cote Saint-Luc,QC
SCARBOROUGH,ON
Sharpsburg,PA
Ange-Gardien,QC
Glassport,PA
Lancaster,SC
McCandless Township,PA
Noyan,QC
Notre-Dame-de-l'Ile-Perrot,QC
Wilkins Township,PA
Cooksville,ON
110 Las Vegas,NV
Sainte-Adele,QC
Bradfordwoods,PA
Grand Canyon,AZ
North Toronto,ON
Lindale,OH
Sainte-Madeleine,QC
Henderson and Las vegas,NV
Tampa,FL
Central City,AZ
Richmond Hts,OH
Las Vegas,AZ
Saint-Bruno,QC
Montreal-Ouest,QC
Ballantyne,NC
Bellvue,PA
Mansfield,IL
Oldham,XGM
Hendersonville,PA
North  York,ON
East Ajax,ON
Saint-Basile-Le-Grand,QC
Ville Mont-Royal,QC
Deerfield,WI
Gilbert,CA
Blue Diamond,NV
Paoli,WI
Edmonton,AB
Huntingdon,QC
Oka,QC
Dormont,PA
Murrysville (Monroeville),PA
West Elizabeth,PA
Moon Twp,PA
Broadlands,IL
East Pittsburgh,PA
Schaumburg,IL
Ft. Mill,SC
McAdenville,NC
St. Sauveur,QC
Auburn,OH
SW Calgary,AB
Chandler-Gilbert,AZ
Gifford,IL
glendale,AZ
Harwick,PA
Central City Village,AZ
Sutersville,PA
La Vegas,NV
Mesa Arizona,AZ
CHARLOTTE,NC
Morgan Hill,CA
North Scottsdale,AZ
St-Jerome,QC
Russellton,PA
Saint-Henri,QC
Promenade,NC
Litchfield park,AZ
W Spring Valley,NV
Charlemagne,QC
Mcmurray,PA
Scarobrough,ON
Mont-Saint-Grégoire,QC
Mount Oliver,PA
Gates Mills,OH
De l'Eglise,QC
Streetsville,ON
Lagrange,OH
Stetson Valley,AZ
Gormley,ON
Ross,PA
Otterburn Park,QC
Las Vegas ,NV
Oberlin,OH
Saint-Philippe,QC
Medicine Hat,AB
Charlotte ,NC
Old Brooklyn,OH
toronto,ON
Oak Ridges,ON
Napierville,QC
Iberville,QC
Westview,PA
Lavaltrie,QC
Middleburg Hts,OH
Venetia,PA
Saint-Sauveur-des-Monts,QC
Glen Williams,ON
TEMPE,AZ
Pointe-Aux-Trembles,QC
Herminie,PA
Pasadena,AZ
Regent Square,PA
N Ridgeville,OH
Yorkville,ON
Blawnox,PA
New River,AZ
Reminderville,OH
Whitney,NV
Whtiby,ON
Hyland Heights,OH
Montréal-Nord,QC
Moon TWP,PA
Pittsburgh,VA
Sacramento,CA
St-Leonard,QC
Fountain Hls,AZ
Lake Park,NC
Metro Phoenix,AZ
Glendale,CT
New Eagle,PA
oakville,ON
markham,ON
Pheonix AZ,AZ
Ross Township,PA
Rigaud,QC
charlotte,NC
Concord Township,OH
Green Tree,PA
Deux-Montagnes,QC
Concord Twp,OH
Joliet,IL
Chander,AZ
Moreland Hills,OH
SCOTTSDALE,AZ
North Las Vegas,NY
Newburgh Heights,OH
Union,NJ
Mcknight,PA
Kirkland,WA
Indian land,SC
Tremont,OH
Ranlo,NC
Monticello,AR
Draper,UT
GLENDALE,AZ
Avon lake,OH
Hudson,FL
south Euclid,OH
Forest Hills,PA
Sainte-Adèle,AB
L'ile-Perrot,QC
Aliquippa,PA
North Charlotte,NC
Thomasboro,IL
N W Las Vegas,NV
McMurry,PA
Sainte-Marthe,QC
Arrowhead,AZ
Tucson,AZ
Pointe-Calumet,QC
Nellis Air Force Base,NV
Frazer,PA
Montreal-Quest,QC
Mc Adenville,NC
Downtown Toronto,ON
Rankin,PA
L'assomption,QC
Mississaugua,ON
Glbert,AZ
Fort  Mill,SC
Mcdonald,PA
Brooklyn Hts.,OH
PHOENIX,AZ
Clark,NV
Yorkdale,ON
Ste-Therese-de-Blainville,QC
South Hills,PA
North Las Vegas ,NV
Mccandless Township,PA
Las Vegas,TX
Buena Vista,PA
Saint-Bruno-de-Montarville,QC
Northeast Calgary,AB
MESA,AZ
Las Vegas,NM
Green Valley,NV
GOODYEAR,AZ
Phoneix,AZ
Lower burrell,PA
Toronto Division,ON
Sidney,IL
LaGrange,OH
Henderson (Green Valley),NV
St. Léonard,QC
Phoniex,AZ
Olmsted Township,OH
Toronto-West,ON
Toronto,OH
Surprise Crossing,AZ
Chargrin Falls,OH
Ahwahtukee,AZ
Marvin,NC
Rostraver,PA
Austin,TX
Parma mid birth,OH
Gilbert,FL
Blue Mounds,WI
Sunrise Manor,NV
Phoenix Valley,AZ
LasVegas,NV
London,XGL
Henderston,NV
"Cleveland, OH",OH
Beachwood ,OH
Harrisbug,NC
Ste-Dorothée,QC
Central,AZ
Valencia,PA
St-Bruno-de-Montarville,QC
Shaler Township,PA
St-Benoît de Mirabel,QC
East Hawkesbury,ON
Lawrenceville,PA
Red Mountain,AZ
University Ht,OH
Québec,QC
Cote-Saint-Luc,QC
St Leonard,QC
mesa,AZ
Mayfield Hts.,OH
Old Port of Montreal,QC
Montral,QC
Lowesville,NC
CARSON,PA
Dublin,CA
Montréal-West,QC
Westworld Scottsdale,AZ
Mississuaga,ON
Ben Avon,PA
Oakridges,ON
St. Joseph,IL
Calgary,AL
RIchmond Hill,ON
Peters Township,PA
Saint Leonard,QC
Midway,PA
Catawba Springs,NC
Saint-Isidore-de-Laprairie,QC
Bloomfield,PA
Las Vegas East,NV
North York,AB
Greenway,AZ
Banksville,PA
Tuscola,IL
Scotesdale,AZ
Westport,NC
Mooers,NY
Clarkson,ON
CAVE CREEK,AZ
Down,DOW
Regional Municipality of York,ON
MACEDONIA,OH
Cuyahoga Heights,OH
Las Vergas,NV
Roxboro,QC
Boston Heights,OH
Deux-Montagnes Regional County Municipality,QC
Black Rock City,NV
Warrensville,OH
North Carolina,NC
Toronto,AB
Farmington,CT
Leslieville,ON
springdale,PA
Spartanburg,SC
L'Île-Perrot,QC
Sage Hill,AB
Sauk City,WI
Henderson Nevada,AL
"Markham, ON",ON
Boston,PA
Spring Hill City View,PA
North Hills,PA
Bedford Hts,OH
Kettleby,ON
Darlington,SC
Cleveland Height,OH
Hendserson,NV
Las Vegas,CA
Saint-Basile-le-Grand,QC
Woodbridge (Vaughan),ON
CONCORD,NC
Fithian,IL
Phoenix ,AZ
Rock Hill SC,SC
kirtland,OH
Cleveland Hghts.,OH
N. Olmsted,OH
las Vegas,NV
"Urbana, Illinois",IL
Toronto-Etobicoke,ON
Glendale Az,AZ
Bedford Hts.,OH
Wellington,OH
Lacolle,QC
Hamilton,ON
Communauté-Urbaine-de-Montréal,QC
Moseley,VA
Central Oakland,PA
verdun,QC
Montgomery,NC
Mississauge,ON
Cranberry Twp,PA
McMasterville,QC
Bath,BAS
LAVEEN,AZ
Omaha,NE
Las Vegass,NV
Sturgeon,PA
Wilkens Township,PA
Burlington,ON
North Olmstead,OH
etobicoke,ON
Ingram,PA
Wildwood,PA
"Lakewood, Oh",OH
AZ,AZ
North Braddock,PA
Gelndale,AZ
City Center,NV
Berea,AK
Evergreen,AB
Old Town Scottsdale,AZ
Cranberry Township,PA
Warrendale,PA
Pgh Int Arprt,PA
Sale,XGM
Highland Park,AB
Allentown,PA
Middleburg Hts.,OH
Marshall,WI
Bury,XGM
The Promenade,AZ
St-Laurent,QC
East Credit,ON
West Toronto,ON
Saint-laurent,QC
Monterey Park,CA
NEWMARKET,ON
Lower Lawrenceville,PA
Montréal (Québec),QC
De Winton,AB
Chatauguay,QC
Sainte-Marguerite-du-lac-Masson,QC
Manchester,XGM
St Joseph,IL
Montville,OH
Fitchburgh,WI
Maple Grove,QC
Les Coteaux,QC
West Lake,OH
Rockyview County,AB
Mont St-hilaire,QC
Mayfield Heights.,OH
Belœil,QC
Downtown,AB
St. Jean Sur Richelieu,QC
PARMA HEIGHTS,OH
Saint-Pierre-de-Véronne-à-Pike-River,QC
montreal,QC
Lodi,WI
Barberton,OH
Sainte-Marguerite-Esterel,QC
Saint-Pie,QC
Ville Saint Laurent,QC
Char,NC
Sainte-Geneviève,QC
Tempe ,AZ
Robinson Twp.,PA
Milford,OH
Ashburn,ON
Mt Holly,NC
Grand River,OH
Thorncliffe Park,ON
St-Jean-sur-Richelieu,QC
Centennial Hills,NV
Brunswick Hills,OH
Canonsburg,WA
Las Vegas Nv,CA
TOLLESON,AZ
Indian Trail,OH
Île des Soeurs,QC
Russell Twp,OH
Agincourt,ON
GASTONIA,NC
Las Vegas NV,NV
Hnederson,NV
Saint-Roch-de-l'Achigan,QC
Warrensville Hts,OH
Shaler,PA
Las Vegas Valley,NV
Dewey,IL
Pine,PA
Penn Hills Township,PA
Norval,ON
East Gwilimbury,ON
Varennes,QC
DENVER,NC
Lake Las Vegas,NV
Ivesdale,IL
Mt. Horeb,WI
Nevada,NV
"Chomedey, Laval",QC
Buckeye - Shaker,OH
Middleburg,OH
MATTHEWS,NC
CAREFREE,AZ
Downsview,ON
Chandler,CA
NORTH YORK,ON
Garfield Hts,OH
Las Vegas & Henderson,NV
SUN PRAIRIE,WI
Sedona,AZ
Fox Chapel,PA
Geauga,OH
Pincourt,QC
Oshawa,ON
Edgemont,AB
San Diego,CA
Point-Claire,QC
Canonsburd,PA
Antioch,CA
AVON,OH
Malton,ON
Schottsdale,AZ
York Regional Municipality,ON
Church Cove,CON
Las Vegas Nevada,NV
Venise-en-Québec,QC
Rockyview,AB
Huntsburg,OH
Mesa AZ,AZ
Cleveland Hts.,OH
TORONTO,ON
Dallas,TX
Midnapore,AB
Estérel,QC
Las Vegas,NC
Cleveland Heigh,OH
Richmond Hill,BC
Lake Mead,NV
Leaside,ON
Allegheny,PA
Lake Norman,NC
Vegas,NV
Blakeney,NC
cave creek,AZ
East Calgary,AB
University Hts ,OH
Sainte-Dorothée,QC
"Indian Land,",SC
"Las Vegas, NV",NV
Philo,IL
Snowflake,AZ
Sharon,ON
Montreal-Est,QC
Mint  Hill,NC
Neville Island,PA
Arizona,AZ
INDIAN LAND,SC
Apache Trail,AZ
Sun Praiie,WI
Strip District,PA
North Phoenix,AZ
Elrama,PA
Alberta,AB
Berry,WI
Temecula,CA
Peninsula,CA
​Chandler,AZ
"North Olmsted,",OH
FORT MILL,SC
Sainte-Anne-des-Plaines,QC
Erie,OH
Uptown,OH
Waterloo,ON
Northyork,ON
Henryville,QC
GIlbert,AZ
Bakerstown,PA
Twinsburgh,OH
North york,ON
Inglewood,ON
North of Brampton,ON
Hampstead,QC
Cote Saint Luc,QC
"Las Vegas,",NV
Decatur,NV
Phoenix AZ,AZ
boulder city,NV
St-Clet,QC
Scottsale,AZ
Ahwatukee Foothills Village,AZ
Pickering Ajax Whitby,ON
PEORIA,AZ
Puyallup,WA
Tolono,IL
North Strabane Township,PA
Las Vegas,NE
C Las Vegas,NV
Las Vegas,FL
"Phoenix, AZ",AZ
Scottdale,AZ
"Phoenix,",AZ
CALGARY,AB
Township of Concord,OH
N E Las Vegas,NV
Huntington Beach,CA
Montreal,AB
N. Ridgeville,OH
Etobiicoke,ON
Richmond Hil,ON
Île-des-Soeurs,QC
Harmar Township,PA
solon,OH
Sandy Ridge,NC
Columbus,WI
Las Vegas,GA
Saint - Hyacinthe,QC
Central Henderson,NV
NELLIS AFB,NV
Pepperpike,OH
Brooklyn,NY
Chateau,PA
Beltline,AB
Bentleyville,OH
Alburg,VT
Queen Creek,AK
S Concord,NC
Litchfield,CT
Palgrave,ON
Caledon Village,ON
North  Ridgeville,OH
Les Cèdres,QC
Lachenaie,QC
Moon Twp.,PA
Strongville,OH
Lawrence,PA
Los Vegas,NV
Highland Hts,OH
Richland Township,PA
Monreoville,PA
Side Slopes,PA
Clinton,PA
East Mesa,AZ
Bond Head,ON
McKnight,PA
Southside Flats,PA
"Scottsdale, AZ",AZ
Quartier des Spectacles,QC
St-Lazare,QC
Somerton,AZ
Seattle,WI
Rainbow Valley,AZ
Mayfield Heights (Cleveland),OH
Median,OH
Cave Creek Road,AZ
THORNHILL,ON
QUEEN CREEK,AZ
Pennsylvania,PA
Zephyr,ON
Crouse,NC
Erie,PA
Alburgh,VT
Notre-Dame-De-L'ile-Perrot,QC
NorthYork,ON
"Etobicoke,",ON
Cuyohoga Falls,OH
Pahrump,NV
ETOBICOKE,ON
Rockey View,AB
Pittsburch,PA
Richmonhill,ON
